e_c,u_out,k
-0.025,0.025,-1
-1.003,1.015,-1.011964108
-2.01,2.04,-1.014925373
-3.01,3.04,-1.009966777
-4.02,4.07,-1.012437811
-5,5.04,-1.008
-5.99,6.04,-1.008347245
-7.02,7.07,-1.007122507
-7.99,8.04,-1.006257822
-9.02,9.08,-1.006651885
-10.03,10.1,-1.006979063
-11.02,11.08,-1.005444646
-12.02,12.09,-1.005823627
-13.01,13.07,-1.004611837
-13.48,13.55,-1.005192878
-14,14.05,-1.003571429
-14.48,14.04,-0.96961326
-15.01,14.04,-0.935376416
